station,window_start,window_end,amb_resets,cn0,code_wrms,h_conv,mp1,mp2,mp5,mw12,mw15,mw25,phase_wrms,satellite_gaps,uptime,v_conv,score,rank
BRUX,2019-01-01,2025-12-31,0.9538933507755584,0.8874849767503036,0.7875594111074771,0.9244647272694987,0.28777607248289067,0.20181162630601399,0.22208231629833042,0.3571808105754204,0.28122366001421123,0.5399110063168232,0.791693096869727,0.6923647181534851,0.9984356667970278,0.9053427158408152,0.8242195405003456,1
HERS,2019-01-01,2025-12-31,0.9492218418553864,0.9088082266352805,0.6816630299389964,0.9047681582649263,0.26854652423332753,0.23830761558710348,0.2560764156521652,0.3615361388088167,0.334182704382655,0.5463673329475767,0.7825418660385027,0.7794252291770258,0.9956980836918263,0.8638279414175638,0.8122466780472231,2
VNDP,2019-01-01,2025-12-31,0.9738592591822742,0.8853756374811533,0.7507560456017748,0.9164511841069763,0.29932983083581005,0.31162154459917696,0.34962729204061305,0.25036463433956835,0.26424852344379596,0.4426236463306009,0.7767418336276546,0.901136274415959,0.6648416112631991,0.8920257352195002,0.8122017756512416,3
STJ3,2019-01-01,2025-12-31,0.956144550311963,0.9097069618997105,0.7272985152857249,0.9120529507402325,0.2626238217656821,0.2597511691010531,0.25010264379610897,0.3351139333262566,0.31440638052813613,0.5227939880678397,0.7654993237132558,0.7830759273612395,0.9788815017598749,0.895901958331596,0.8121065047918993,4
RIO2,2019-01-01,2025-12-31,0.9547849362299802,0.8631790173811436,0.7698446125893449,0.8806419526207564,0.3906394061119627,0.3291662872910989,0.3097058366811821,0.41951361525643616,0.36367970330086535,0.4995569273380563,0.761961552999358,0.5742981564103429,0.9937426671881111,0.9025235794171196,0.8020122729017668,5
LROC,2019-01-01,2025-12-31,0.7015118024011817,0.9037781010073019,0.9150060357963281,0.8839981836977209,0.1595764026622788,0.38211687129622585,0.5775140122078487,0.37199880137927543,0.5409718002215884,0.6210827981893711,0.9140463520665759,0.4537100272774943,0.9178725068439577,0.8652637352862692,0.7970524815976271,6
METG,2019-01-01,2025-12-31,0.9224044273865225,0.8935799906111598,0.7503766951920813,0.8934874082941118,0.300690837714416,0.2484320085959448,0.24444745145718147,0.31143650256104594,0.23223563072653838,0.45372601122882933,0.7343832243357127,0.722800203735906,0.9769260852561595,0.8965030196766023,0.791985682027042,7
DRAO,2019-01-01,2025-12-31,0.9352177312224611,0.9006737454381792,0.6556045858391627,0.9231897627965043,0.3474378221676889,0.24640594018100534,0.21138779620846657,0.3535571705627705,0.31641372302690773,0.6101879155310873,0.7557054020049997,0.6086840399691851,0.9941337504888541,0.8952278325123152,0.7896856315218145,8
QAQ1,2019-01-01,2025-12-31,0.8030017777619924,0.8357820939425111,0.6731364044629138,0.9139678892656,0.20828866801267307,0.19179260509371587,0.18736663805055997,0.3472327269784162,0.3756063833816355,0.4984515140011851,0.8193580025370241,0.670378174838508,0.7911615174032068,0.8904119012812796,0.7895033271448069,9
WILL,2019-01-01,2025-12-31,0.9439123244091754,0.8803666972107651,0.6997532128043471,0.7597791752607059,0.26352103440289354,0.20368302800962454,0.19541480500427133,0.32768972607181585,0.27833265874530977,0.6087695191514741,0.7742221357482961,0.852456133628811,0.6096988658584278,0.8995064406179452,0.7885003055466793,10
AJAC,2019-01-01,2025-12-31,0.9597113562604321,0.9518696957578084,0.8360723702435255,0.9010383159532608,0.15179990807285224,0.2300378914118247,0.24758515207606718,0.3973250050294679,0.3735847256753542,0.45934353091074964,0.738729308922237,0.5041036713268238,0.8893234258897145,0.8722814025743453,0.7877172298441891,11
DYNG,2019-01-01,2025-12-31,0.9434221269480548,0.90565404105945,0.7691949137116826,0.9201756299770917,0.2865873661158072,0.3333567021571118,0.38274093168227147,0.1908044861675185,0.19429981195683316,0.4114771568548684,0.7341008055011851,0.5725972649651165,0.8947985921001174,0.8906016982682533,0.7859184136158104,12
NANO,2019-01-01,2025-12-31,0.9591567110375756,0.87212168378466,0.6758194470537546,0.8296323382753806,0.2512159552761255,0.22603662769993416,0.21329518465723124,0.33964072138235435,0.3284437800200759,0.5312607307634374,0.7496987935158477,0.8251685333149489,0.6613218615565115,0.8856712915731484,0.7845496614622307,13
MEDI,2019-01-01,2025-12-31,0.9447724450976434,0.9427687386704537,0.8872747874654678,0.915710160782661,0.1339973694908172,0.20327385761367303,0.23089441771686273,0.41499597579539843,0.4123712637954333,0.5044616714472591,0.7919059961035688,0.16775146736434632,0.9886585842784513,0.8793137848474006,0.7788860939242517,14
SCH2,2019-01-01,2025-12-31,0.8921976693983895,0.8857394139117859,0.5788565772628894,0.8798394478946046,0.9305831990650059,0.8015192360181885,0.5258089432722952,0.9402952098585076,0.7974683934943906,0.7843760683637149,0.7837849336610362,0.4227040028561211,0.9878764176769652,0.8840544783518783,0.7786415222228746,15
HLFX,2019-01-01,2025-12-31,0.9418991332509844,0.8596113284532685,0.5719984086003511,0.8968903182186162,0.37162477815098777,0.5172962915517875,0.691753600234411,0.42799248929913725,0.5509188891200267,0.726807490567206,0.7816364616386886,0.4039013834057119,0.9964802502933124,0.88053553389576,0.7778785073777978,16
ALBH,2019-01-01,2025-12-31,0.9474509320407203,0.8883522046285965,0.6760511201352577,0.9148476070920035,0.3134651942751386,0.2066748875321983,0.20278661629573683,0.3484314860707766,0.2721059568593104,0.5191636867203198,0.7524987035216902,0.37105658199446534,0.9992178333985139,0.8942612684972161,0.7717547913949926,17
BAKE,2019-01-01,2025-12-31,0.6689882665939125,0.8480315208891035,0.7983996022862934,0.8979263869590116,0.2328531582909478,0.41743857706769716,0.8053003911786903,0.43329323705844525,0.6345508198640536,0.7603686328867666,0.8436813744037538,0.49961738109203935,0.9980445834962847,0.8814697747925722,0.7716443388390083,18
MDO1,2019-01-01,2025-12-31,0.9481288430609579,0.8866683906595337,0.6708005518477652,0.8846260434949607,0.34298021869395695,0.3233465449637686,0.2965361182460734,0.422553845435069,0.39308254583139685,0.46411887552812786,0.714888712847969,0.5885537842667659,0.9123973406335549,0.8820819469105776,0.7712611211314223,19
MATE,2019-01-01,2025-12-31,0.9388456986299051,0.9793871871585222,0.8583446340677999,0.9014833808081402,0.29258398077236036,0.25266052450273047,0.28161341253871097,0.3850540890740485,0.28848657287435275,0.43035252904680454,0.7253886988065262,0.34219990355548613,0.9820101681658193,0.8732491930009282,0.7701968538998084,20
MAS1,2019-01-01,2025-12-31,0.8548086977771568,0.8988673290631902,0.7013520985823765,0.8963058415433137,0.26577524544455944,0.28156167696629497,0.3007782512962732,0.2840434362617207,0.2836212732467023,0.4293609035858535,0.717819960169299,0.6534456434643803,0.9992178333985139,0.8727793130675089,0.7665775385164033,21
LPAL,2019-01-01,2025-12-31,0.8640855127746879,0.9902219608940988,0.5274940889363058,0.8328643084692816,0.18106397248306635,0.31890470184358266,0.44484968544212705,0.28650980138924126,0.41922872226648034,0.4842788606065873,0.8005777178107516,0.6767510310241993,0.6390301134141572,0.8293916422070655,0.7660013306953427,22
IQAL,2019-01-01,2025-12-31,0.7070880252249082,0.8471372318983964,0.640878281447721,0.8773201316034515,0.3348833780536568,0.48924747693120424,0.8516828109966456,0.5941370704851843,0.7634163225143902,0.8533032792559192,0.8378330630654491,0.44222087854383774,0.9996089166992569,0.864674904063359,0.7630122859687278,23
POL2,2019-01-01,2025-12-31,0.675804922303867,0.9185392357183882,0.6426088208926685,0.9058265944291726,0.9561243594668207,0.41135793439475465,0.26369798870328487,0.9039827825901139,0.7344390512830521,0.8476508152598906,0.8464857529158442,0.45856712852461834,0.9964802502933124,0.8772387855953259,0.761304090300405,24
PALM,2019-01-01,2025-12-31,0.7345758750820942,0.8218251575510518,0.4055886071910289,0.8990057736997197,0.5468919872474156,0.6523777804324198,0.6503234273591934,0.6795746394563369,0.7155037412003891,0.7524589815403212,0.845772259610411,0.6297661401354008,0.9256941728588189,0.8818689802220425,0.7570509671624552,25
NOT1,2019-01-01,2025-12-31,0.9320891339232987,0.9571810123197104,0.8373179177903785,0.9019717016481863,0.2282535919819004,0.22213436405434214,0.25507894090542765,0.3561125684022635,0.2604145153986982,0.4590267348492545,0.7475188968507221,0.17949402777155632,0.8330074305827141,0.869385821415267,0.7568088966679383,26
TLSE,2019-01-01,2025-12-31,0.9208417596901509,0.9184826290179986,0.6819818833343255,0.8502052506395817,0.48011112845632964,0.4324635346997957,0.3734935439331273,0.1545452656701346,0.22237045457183305,0.455777106275226,0.7008640920605164,0.5058325434841149,0.9859210011732499,0.8477218473596335,0.7553182878167247,27
WARN,2019-01-01,2025-12-31,0.912407457004478,0.9532108248801754,0.5760935297153837,0.8598966931146493,0.8834601282830784,0.5726201742881244,0.327482631167719,0.6697444072348501,0.5177183330687635,0.7020896475427858,0.6921941707506375,0.6400451923347419,0.9988267500977708,0.8447594922917688,0.754571113879225,28
MELI,2019-01-01,2025-12-31,0.936978208018272,0.9752943870030486,0.7963790721865621,0.8793833722759559,0.15830203810669788,0.2670015676409692,0.2877045952451424,0.3280689681666179,0.34959978173521006,0.4014845124462922,0.676011715287336,0.46689541005235746,0.95267892061009,0.8630688798103019,0.7532549497809965,29
MOBS,2019-01-01,2025-12-31,0.9473326598418054,0.8074085587859409,0.6648314207700989,0.8827115793407928,0.2887295664694302,0.33383538032776255,0.4051786453634302,0.3630434407101746,0.3562245439693313,0.5613822953988791,0.6702297797364785,0.6043940863139707,0.9491591709034024,0.8712775109326832,0.7514147535404796,30
JOZE,2019-01-01,2025-12-31,0.93714839541755,0.8719640719914005,0.6146539078295132,0.8022729615503557,0.2907139095616159,0.25618735725750874,0.256155090766314,0.38553895306173347,0.3440401887659709,0.5678945529696964,0.7141782714290166,0.49774726586293294,0.8584278451310129,0.8782584625118633,0.7513134484816628,31
GRAZ,2019-01-01,2025-12-31,0.9593299901960911,0.8721532689456777,0.5935435680814425,0.8757239317836077,0.257022400690722,0.23666706660609443,0.252567121639398,0.3273827197876141,0.31954412307286206,0.5416650643882533,0.707872689245172,0.40177089002494304,0.9964802502933124,0.8710206951156251,0.7480028654533264,32
STHL,2019-01-01,2025-12-31,0.7572931094624953,0.8823705431567268,0.6096006484179632,0.900423758706807,0.9585065468038101,0.33678707215143894,0.22994812100892473,0.8333958947312522,0.6195858565442061,0.7009889300825929,0.742008043685698,0.5338170540397391,0.9429018380915135,0.8777695183383611,0.7462762777611611,33
YEBE,2019-01-01,2025-12-31,0.9256861902703553,0.9449213204418135,0.5449107324459065,0.8619874099913017,0.169070903086125,0.2926179858001555,0.4022422204872824,0.28160697609700247,0.32230845981316086,0.39375840706617615,0.7229468134807399,0.43680569483715237,0.9886585842784513,0.8441361422241792,0.7462422936858661,34
EBRE,2019-01-01,2025-12-31,0.9494129422480545,0.9909928614789104,0.6801967241659022,0.847120005001697,0.22502355957115358,0.22650573831999052,0.2590142910113781,0.34682327608959657,0.2608682825116447,0.44264878855400625,0.6579413740696295,0.6060640705570772,0.9925694172858819,0.8572069787840579,0.745631659763795,35
SUTM,2019-01-01,2025-12-31,0.9421590740582901,0.9180792318754699,0.6646426924688676,0.8471669913795404,0.9203231005966358,0.5397362812316613,0.3401880444154622,0.6756576964990747,0.4381124241872484,0.5173886915925857,0.6718415777175255,0.450647058909342,0.9964802502933124,0.8554072132579792,0.7448255898071396,36
CHPI,2019-01-01,2025-12-31,0.9085183140140661,0.8548192792724175,0.7894862444936672,0.9159009378302428,0.28854665595078194,0.3203207038295033,0.34624509443551427,0.1628030839269882,0.2487481450340565,0.5169963826980408,0.6599220691607257,0.45840433960838445,0.9358623386781384,0.8900107622274903,0.7435301151847152,37
DLF1,2019-01-01,2025-12-31,0.9547951660941851,0.922511455586034,0.6612670148177985,0.8958350933513558,0.31154997385299293,0.3544621946441523,0.30079435362543966,0.11447144140951723,0.14416990479607786,0.4638058647512396,0.7304313028973727,0.17518577220481568,0.9968713335940556,0.8470996001801236,0.7421874113051523,38
DJIG,2019-01-01,2025-12-31,0.8872772772636014,0.8687282695997057,0.7998533328670097,0.9270533925616236,0.2988626630472229,0.32852781438910755,0.3672274782781714,0.2093504923261226,0.24744660908093344,0.3993589043150801,0.6425190536206503,0.5377352001435275,0.9667579194368401,0.894694635546364,0.7401662841554807,39
MRO1,2019-01-01,2025-12-31,0.9039562130638753,0.8758946833217809,0.5585722228868755,0.8916715161824611,0.395154456109107,0.38668262167362294,0.3483555652024151,0.24843680701618898,0.25974210861950375,0.38225265864474,0.6896350359327555,0.5148865146848479,0.9902229174814235,0.8622029124879791,0.7395136415029252,40
MCHL,2019-01-01,2025-12-31,0.9220286423204476,0.9062286134232735,0.6564927911220322,0.7983628536171239,0.47943027230292945,0.42457293035330873,0.31567335880278113,0.29888739735321956,0.29500205628922405,0.24032923587181004,0.6685750505493538,0.5337250642225395,0.9554165037152914,0.869810501437968,0.7387415283672953,41
TOW2,2019-01-01,2025-12-31,0.9464434648913831,0.8706778951773531,0.6977892025186573,0.9167028609196488,0.27836534457310286,0.2712548875373219,0.3045217801580537,0.28568659177835026,0.31937968118112525,0.5082650924797657,0.6091283882515677,0.9073117067667106,0.939382088384826,0.8681324253839466,0.7386132133669608,42
POTS,2019-01-01,2025-12-31,0.9470546253574309,0.916816333735753,0.5844071184286134,0.837103039117441,0.9260831259483434,0.6050179102963177,0.31496096199906776,0.6682619556654477,0.4151592504355389,0.503601065810291,0.672387453678707,0.44343641518851407,0.9996089166992569,0.8766261600849142,0.7382359933747771,43
MIKL,2019-01-01,2025-12-31,0.9342277677272878,0.9705201377447022,0.7531718449019335,0.8615286281369845,0.18961652777633456,0.26757705512863006,0.30735752675294414,0.4117535249466333,0.39514211422452206,0.4574275642189952,0.7140802406871709,0.1257017421954164,0.9882675009777082,0.8538612430311789,0.7368917093335238,44
ULAB,2019-01-01,2025-12-31,0.9331093391512232,0.9191167909597511,0.5867343634023658,0.8374882958801498,0.8897226941248749,0.5897371826567187,0.306520824186484,0.650642306525845,0.40553476459010174,0.4767005054017483,0.7010400833358913,0.28401659212509234,0.9847477512710208,0.8840731377099912,0.7362462042899962,45
BOR1,2019-01-01,2025-12-31,0.9169414166331796,0.9023691670370991,0.5977818410111614,0.9081746672224044,0.34387761760428337,0.39924031370271174,0.36778927596614375,0.19018788272932044,0.19683872489793613,0.42738484060702925,0.7266108024989609,0.17858377371874423,0.9996089166992569,0.8791368423917482,0.734598174470694,46
GRAS,2019-01-01,2025-12-31,0.7349088683896958,0.8333246195470059,0.6981355127240247,0.9013719774967482,0.3800321383830741,0.4613478452577704,0.3714876770868542,0.28199433688474707,0.3957648821274413,0.45678690388475085,0.7125197714892744,0.7799410713545732,0.5612045365662887,0.8829774443322271,0.7307679712885342,47
HRAO,2019-01-01,2025-12-31,0.87835730279631,0.8097167092906743,0.5261499636479074,0.6713641296149411,0.5301015527728425,0.5119488333555688,0.3812623594191108,0.6069067279485175,0.4939604448127383,0.5947758195196194,0.7160453810731049,0.5804162760671254,0.9116151740320688,0.7894035334000389,0.7299307832258826,48
RIGA,2019-01-01,2025-12-31,0.9439443576246997,0.9654735653578406,0.6771364162608281,0.8733409621293352,0.10047726555866512,0.30329575676230086,0.2822670948785512,0.4229886865728932,0.50179805191113,0.4516642653294924,0.6755647984767102,0.24982048577962623,0.9835745013687915,0.8631577855819484,0.7299092687811435,49
ZIM2,2019-01-01,2025-12-31,0.9245377116988299,0.9319708539564515,0.6302666475494121,0.8977723064087566,0.31505317082348644,0.3534388951048449,0.32969587523005,0.20873677438614416,0.2156513150609167,0.4059789956961047,0.6837729275573508,0.2668981614106558,0.9777082518576456,0.8725125935821435,0.728987809988589,50
KMNM,2019-01-01,2025-12-31,0.7693939696975233,0.5348564556961722,0.6591376188783468,0.8378135150966506,0.6609660507129709,0.6018908438513785,0.5149048273586256,0.2898577926520409,0.5102107790722825,0.7107664822182138,0.7424594787827928,0.39906229729768306,0.8330074305827141,0.8329261317208694,0.7283352198247838,51
OHI3,2019-01-01,2025-12-31,0.9342995553280324,0.9868042728432116,0.8280004313175856,0.8915103151938936,0.326179806638955,0.20602234205099149,0.20178685779462507,0.4306088993951822,0.3003250003910661,0.4987079050513524,0.6608689352928618,0.2776764280448174,0.6671881110676574,0.8861342042755345,0.7273167098566355,52
NICO,2019-01-01,2025-12-31,0.9356625596382123,0.9796026719075083,0.844484050959061,0.8852990674648346,0.2038865386276831,0.24720721661505415,0.2770148632821432,0.3207513600708938,0.3001553532580664,0.46067410658143587,0.6354598116139734,0.2764596989206467,0.992960500586625,0.8617298919074432,0.7255088110318474,53
KRGG,2019-01-01,2025-12-31,0.9231807905780007,0.9286055841459856,0.7709941265736022,0.8770621096115776,0.4421817589352812,0.42545182653898744,0.33923716476451476,0.2534264022793989,0.331034064512677,0.4162401330634244,0.6038277750115107,0.531173145806243,0.9804458349628471,0.885729048187089,0.7249270681874046,54
DAV1,2019-01-01,2025-12-31,0.5047205622503803,0.9010207947516476,0.6970035010375144,0.9002617270024095,0.25852366170188007,0.2257054552168945,0.2285223061209782,0.4081654424516043,0.39755688608179574,0.5401974042814081,0.8367905720335302,0.8678661125890568,0.8916699256941728,0.8661648370002581,0.7227289409001012,55
BSHM,2019-01-01,2025-12-31,0.6901546729806474,0.8796015989150566,0.6774381074370358,0.877483911223658,0.5725600255117973,0.5479706295782255,0.45189227831518775,0.5457141909333173,0.49849281191522576,0.6166237425734898,0.7788656835920317,0.19527648463524105,0.9734063355494721,0.8684182938931831,0.7221345526591566,56
HOFN,2019-01-01,2025-12-31,0.8347180198769254,0.9831148369840437,0.7339829009214188,0.8763730337078652,0.24430855882865807,0.15013309116407553,0.141345573187876,0.4299676067023236,0.2647660114713621,0.49234597113792716,0.6586861985836729,0.3807564371838674,0.986312084473993,0.8732379310344828,0.7220866836231273,57
GODN,2019-01-01,2025-12-31,0.7550374659805688,0.825920827358467,0.46632036703199276,0.8964551734088408,0.9428463520390159,0.37756100199972825,0.18385494127623056,0.7938066139410884,0.5228264500260853,0.5616101836993015,0.7524350477801928,0.361836742062734,0.9831834180680485,0.876539408866995,0.7211921600089535,58
KARR,2019-01-01,2025-12-31,0.9033430906124842,0.7867693586868246,0.663608944527102,0.874015809698843,0.35988309166915566,0.3609258593288516,0.3488415604400312,0.32921224404103033,0.34105961293597475,0.4245298351946475,0.6321737448032346,0.4943578737391118,0.8498240125146657,0.846325791565184,0.7182188700661314,59
MAW1,2019-01-01,2025-12-31,0.5921824557325478,0.8008094048698507,0.6165900886120426,0.894588286381154,0.22753957602496191,0.21038246799633917,0.2167539385899636,0.32964717098154817,0.3339092842014607,0.4482412406195595,0.7628211938887914,0.7464698900794284,0.980054751662104,0.8833118163140653,0.7165761885236748,60
M0SE,2019-01-01,2025-12-31,0.9542985883199637,0.9797040787696594,0.5569945460519864,0.8482129457953517,0.14335514190239979,0.25373897424389685,0.2983055646386859,0.3792472029098819,0.38646703186848846,0.44387238200001367,0.6725305282853569,0.2456845514903555,0.9163081736409855,0.8465695523629827,0.7158546479554322,61
MKEA,2019-01-01,2025-12-31,0.8239605343500586,0.8766860005006889,0.45246605280837665,0.8867597692752427,0.3990931948603049,0.3897609728000766,0.36344057892559356,0.41097365816120546,0.39039914347407717,0.4819643808897754,0.6869115797661384,0.5015123427273933,0.9890496675791943,0.8551951088675845,0.7150650561816404,62
ALIC,2019-01-01,2025-12-31,0.9454988808187977,0.8025318065817548,0.6614139728040288,0.8886585035538495,0.23031684039025038,0.31766249405537356,0.33663944245348965,0.34486720286750033,0.39937165197520536,0.4915916184033924,0.6081506973312976,0.4469461208370197,0.9495502542041455,0.8550964542666323,0.7134797159068412,63
SYOG,2019-01-01,2025-12-31,0.7508731341959111,0.9082452190207182,0.6137533952455703,0.8554665622537333,0.21688311464659663,0.23980572677595244,0.18181806976387765,0.37744024734323883,0.32645352933907684,0.5428037034259129,0.7236639638758298,0.2643714309103189,0.8947985921001174,0.8484857703481739,0.7092076434375827,64
CPVG,2019-01-01,2025-12-31,0.7979670323554086,0.8443513212459751,0.6607414618491818,0.8001707865168539,0.47810135875286824,0.4166556967249601,0.33782256962419627,0.2201111574621431,0.27855043687564374,0.36686893820636135,0.6546398760988249,0.47151660012813434,0.986312084473993,0.8166103448275862,0.7073669130023916,65
CAS1,2019-01-01,2025-12-31,0.45352485602987463,0.9016685704126959,0.6668687513282987,0.862204071478917,0.39808041535968436,0.3268339342640629,0.21084787828402365,0.3647106182080387,0.3497941555526637,0.19087268602316027,0.8653434345848887,0.7906702034686472,0.9624560031286664,0.8416924686488244,0.7071644346962447,66
UFPR,2019-01-01,2025-12-31,0.8976268410661056,0.9005480288004982,0.4719789770589413,0.876469715097921,0.42931633404594866,0.3770624512946896,0.3075640638420581,0.31245548665538453,0.3334042031732632,0.392291697283166,0.627701288642379,0.5291996146058111,0.9855299178725069,0.8572961817730046,0.7051184420641697,67
BRST,2019-01-01,2025-12-31,0.9192485277231569,0.9065026275664702,0.5751021762095483,0.883447255938103,0.4793308826815255,0.406430713619513,0.32209372712464374,0.315094594463492,0.36658815428274666,0.4515325845258287,0.6137864042736018,0.3620297650881078,0.9831834180680485,0.8768023191454032,0.7038811913883571,68
CZTG,2019-01-01,2025-12-31,0.9158972973183516,0.9019936593001648,0.7096266469866293,0.8687555137613789,0.6030637922333691,0.6938183545136044,0.6935303312873603,0.29298127943481306,0.6783860838938955,0.7556941361442059,0.6202644273115913,0.18156553740632264,0.9151349237387564,0.8511647972389992,0.7037435836155591,69
PIE1,2019-01-01,2025-12-31,0.7889285270270945,0.7997199195073804,0.3585591484748958,0.8841095976398217,0.829428006747004,0.5161815799404972,0.33415671502926564,0.7518654247987124,0.5116214116526775,0.6207984297432623,0.7573385362258829,0.15526153285011535,0.9851388345717638,0.8705933346176075,0.701093479530489,70
WTZR,2019-01-01,2025-12-31,0.9529050661129318,0.9901987916192558,0.66153665079679,0.8555488059026454,0.24621629027115463,0.18323845999807248,0.19308105270519677,0.3827924720566285,0.2760849464983321,0.5118303703402847,0.5981440557633104,0.2879014497989507,0.9996089166992569,0.8457291184715456,0.6997135686684766,71
TRO1,2019-01-01,2025-12-31,0.7221230872359573,0.9023999811065201,0.5778991015819711,0.875029668474391,0.3323415578148001,0.3912493751104355,0.3622185977816464,0.12237155748032971,0.11468251075675015,0.5154921391293552,0.7019197454573026,0.31328381430246854,0.9898318341806804,0.862914198540427,0.6993183296080002,72
ADIS,2019-01-01,2025-12-31,0.8478183843525878,0.9758250662031066,0.7227753187065701,0.8493483823953091,0.2388097990342025,0.3384527755324319,0.3917061805442681,0.26169915785633463,0.2775993999680211,0.376213306942695,0.6474790168317395,0.3641424319938219,0.5185764567852953,0.8566273989701981,0.6990201901997477,73
WIND,2019-01-01,2025-12-31,0.9381637140556287,0.9228445797751053,0.5651011023673094,0.8371693017158424,0.9275825855595005,0.510229243701538,0.3649949609323256,0.6782241936443547,0.44176258531488666,0.5291437711957134,0.6109891577520935,0.2953971755685364,0.9534610872115761,0.8560947598190974,0.6988472042294502,74
KZN2,2019-01-01,2025-12-31,0.9425693022073668,0.8683601255065677,0.49147634288248887,0.7457647049897957,0.8106843954063929,0.9339665158893397,0.711869096729736,0.7087604772311814,0.7127612896114112,0.8323802160222915,0.7079651368587694,0.12189028922894685,0.5795854517012123,0.805682320892221,0.6978213968382768,75
FALK,2019-01-01,2025-12-31,0.9352720132848227,0.8185080842534386,0.5308906832275883,0.8964377827953343,0.28904538140914277,0.25923419413553084,0.19984334491399147,0.40767667762427173,0.36531340711219873,0.32501679109511994,0.6146692644034125,0.3169175220422341,0.993351583887368,0.8786632795595848,0.6975715050663596,76
LCK4,2019-01-01,2025-12-31,0.8571184618718126,0.913084409403435,0.676142957269471,0.8403662320762743,0.5975875747959466,0.5322460364539628,0.35442126973930066,0.15961738460739883,0.30494628143615327,0.45292392051124514,0.5878509513780613,0.6651996117298339,0.7004301916308173,0.8435748022425313,0.696829675146245,77
STPM,2019-01-01,2025-12-31,0.9323449548004294,0.8913193924458842,0.4335326871903196,0.8424637749507764,0.46861499974215504,0.6142352099069315,0.6578323159444407,0.3165950602795759,0.6271083637327372,0.7121746643962276,0.6122017009939458,0.5667989716390323,0.7536175205318733,0.8442486521691935,0.69589837163729,78
OHI2,2019-01-01,2025-12-31,0.936588385348658,0.9098197158540701,0.4278616545120963,0.8954431960049938,0.9063989230164516,0.7007790710002131,0.3497757500033616,0.8215859353808781,0.6330075192828944,0.6229618060544,0.6275887860113206,0.42448849699386526,0.6280797809933516,0.8820315221177291,0.6952075644885416,79
KAT1,2019-01-01,2025-12-31,0.9063342601674782,0.8781155986248759,0.6202361599154328,0.8916578376584106,0.2880742483436276,0.30960035784693796,0.3287763041921717,0.33275263030096186,0.3374706306124428,0.4561364442736961,0.5414569553599233,0.822357994955365,0.9749706687524443,0.8479744344743857,0.6940741501704505,80
POLV,2019-01-01,2025-12-31,0.9464400189386749,0.9738376389021657,0.7176737374732083,0.8231424429140993,0.19200306222725932,0.24506846958274112,0.27244228998444514,0.4003738124222937,0.35332499476337575,0.4369633495693142,0.6127476762329785,0.11791867896801544,0.9777082518576456,0.8292929644048944,0.6938847785882649,81
CHTI,2019-01-01,2025-12-31,0.948449762652386,0.9130071092123518,0.6099211900662941,0.8741280791208116,0.28204343946763566,0.24530398527413577,0.1748125367951668,0.3235309061173787,0.3113782388853367,0.40262941180817596,0.6329957700061116,0.2142927096912336,0.5717637856863512,0.8587646628431164,0.6911736513118988,82
MCIL,2019-01-01,2025-12-31,0.8425747280119608,0.8970246274253141,0.7215264586069047,0.8575062421972534,0.5246755938938562,0.46651988473441564,0.349258599886719,0.20326019160142977,0.31411753044382185,0.24883698224252046,0.6179149065563446,0.2062850005417165,0.9941337504888541,0.8294334975369457,0.6909366521569545,83
EUR2,2019-01-01,2025-12-31,0.6190591632180199,0.8603390254034746,0.468605754107312,0.8812332427757744,0.17378020239132494,0.32743653324012195,0.5670883965686364,0.32039634047234794,0.42084253965444235,0.6766997970977229,0.7364234001942773,0.4474976885037768,0.9968713335940556,0.8592579452260415,0.6875765950484583,84
GAMB,2019-01-01,2025-12-31,0.8487399857212351,0.9004366900256696,0.6820951663537799,0.8554019367902912,0.4886486378603108,0.5509390183447241,0.4817925152967895,0.13692475754425262,0.24513093205678663,0.42016376660298516,0.5719194484740476,0.47839828202591783,0.9655846695346109,0.8231331820808027,0.6870553394722718,85
HKSL,2019-01-01,2025-12-31,0.8682788086858367,0.9542796769545685,0.6816188255424771,0.8507995691819019,0.2086917606007577,0.283128412254393,0.32284888565691394,0.2743081252944534,0.2640346142060946,0.4629375764950951,0.5696885208700383,0.4271642404613789,0.9714509190457568,0.8428282304826465,0.686212923955375,86
CKIS,2019-01-01,2025-12-31,0.8696696059707718,0.8800526780817487,0.5159554271587437,0.8754493845443911,0.3815257766142454,0.36285669016077665,0.3330540534001912,0.23401882549935607,0.2756856015408142,0.3311619182108153,0.5868983713686572,0.5120936661621874,0.8275322643723113,0.8520608964858545,0.6825354128303949,87
AUCK,2019-01-01,2025-12-31,0.9613323015403992,0.90991339262149,0.4591792933758395,0.8591388333076804,0.3155919887749253,0.23388903339970385,0.16580415868892193,0.33957735984208925,0.3059745959530412,0.3901981792268673,0.6269273388785449,0.217612030013841,0.5713727023856081,0.8421528105810109,0.6764525404837901,88
THTG,2019-01-01,2025-12-31,0.883682306837029,0.8856315116112287,0.6475185677871477,0.8657217909158789,0.2699071678210582,0.305240385122476,0.3299945770565336,0.25718357967959504,0.277945002054769,0.47312191801518194,0.5167374149101521,0.7280899400022899,0.9855299178725069,0.8226374202810524,0.6764334417082406,89
MBAR,2019-01-01,2025-12-31,0.6094382446325509,0.8640124800247798,0.5838904569928124,0.8955704679063341,0.9548789108519888,0.4063723711267869,0.31941024665961165,0.8574108561423088,0.6927494191584359,0.7755670460046928,0.684704324260681,0.3451108251332058,0.9436840046929996,0.872614978583481,0.6752976205412076,90
NRMD,2019-01-01,2025-12-31,0.9416113482204793,0.8814127536657353,0.477238014052461,0.8581555298417882,0.38263175197838956,0.4366907502258272,0.36351686160793617,0.22174874691296573,0.2995854667099945,0.39197306847305863,0.5804567301046074,0.6642779270580716,0.40633554947203754,0.8405545783412433,0.6738708505309653,91
REUN,2019-01-01,2025-12-31,0.9381056714096235,0.8796579439184001,0.6741511100215242,0.8835840183795816,0.2503402827190182,0.285160084216604,0.31453495866530295,0.34079870511849747,0.3670555288449115,0.38881418398217343,0.5290872737032905,0.27478849671829975,0.9878764176769652,0.8701938966618927,0.6718927498587856,92
CCJ2,2019-01-01,2025-12-31,0.8568254529755391,0.8928566892008263,0.6183963946421267,0.8635399772675201,0.5004257831634702,0.4908387178171193,0.40899882350079797,0.153224968880548,0.27901167052231324,0.37531852382513925,0.5803438912312038,0.1862831087289898,0.986703167774736,0.827910215224255,0.6698694702440743,93
KIT3,2019-01-01,2025-12-31,0.9323225532465113,0.8865114744549605,0.5152749745218919,0.8712799721996989,0.39710045336807853,0.38350923844528995,0.3226448417688744,0.4700906595463735,0.40492601726579497,0.53974131623743,0.5805904570932571,0.11890878850481734,0.9569808369182636,0.8617383576253111,0.6698091159834828,94
POAL,2019-01-01,2025-12-31,0.9161414849057532,0.8979734067352664,0.29054975710224695,0.8539056932723207,0.4145539391425758,0.35617485497089285,0.28467738080463,0.33398693903098636,0.3490126501823638,0.3766112155029367,0.5788483253482586,0.5301829668386716,0.9890496675791943,0.8458694964444383,0.6677650180231307,95
PIMO,2019-01-01,2025-12-31,0.8062597967741791,0.7867380308198406,0.36151242706356224,0.8495417995923881,0.7308477969333605,0.6860490676355687,0.5553842903335211,0.7922601340075205,0.7099394435018075,0.7379989200409575,0.6479367830948588,0.19069647357999298,0.9155260070394994,0.8445601628311221,0.6671188592388718,96
SULP,2019-01-01,2025-12-31,0.917269566446724,0.9446075899587446,0.20083553838687096,0.8361136722351581,0.4505736650733154,0.48867237586083057,0.37899358212245915,0.26512800359192057,0.21976152713051428,0.46303167412236085,0.6472117000705565,0.43587650453701066,0.5627688697692609,0.8396899429283967,0.6648659401496071,97
NKLG,2019-01-01,2025-12-31,0.867802730816198,0.8677730462808861,0.7010637684998452,0.8698363018171175,0.32390576160702605,0.3203418821622807,0.322193194685358,0.25468537435601857,0.2836550788772694,0.4276472524225479,0.47269791359461666,0.7601866582060955,0.9839655846695347,0.8677700228042291,0.6619362891226784,98
VOIM,2019-01-01,2025-12-31,0.9257217632000487,0.8899702718474981,0.3796928183390353,0.8391364132446766,0.7760663728368459,0.4553840000035951,0.26991950464457526,0.7638932205609339,0.5893000807106743,0.6195033184620857,0.5509727978283447,0.37863271630831863,0.9225655064528745,0.8403494016791347,0.6601255221278008,99
MCM4,2019-01-01,2025-12-31,0.28204026404704274,0.8932241112006796,0.5121774720292026,0.9160394815269511,0.7802411913090261,0.6894100295427662,0.444133844447106,0.8091759159531773,0.6245402377555853,0.6654313113401039,0.9485351483558754,0.44901289616667217,0.9960891669925694,0.8800202036748846,0.6587350743890367,100
ASCG,2019-01-01,2025-12-31,0.8426338496987218,0.8931219952791022,0.6142401616829058,0.8485214880744404,0.5110167604047992,0.3948166326784626,0.33303818533848695,0.2158845193744774,0.3060017687730713,0.3915192126375036,0.5437908505662312,0.30882535269736366,0.9644114196323818,0.81877504373836,0.6585822681301369,101
PERT,2019-01-01,2025-12-31,0.8563968976163487,0.898205028393373,0.3987190594315275,0.8659519135737808,0.4200724862486871,0.3703028463400876,0.29166929436769745,0.23466548447151966,0.20943709024511636,0.27693274331167755,0.5728148602493613,0.2405423317312506,0.9734063355494721,0.8418154117104399,0.6517021080331044,102
CRO1,2019-01-01,2025-12-31,0.7333089233325198,0.8908385461178381,0.6024880865925021,0.6178600713605035,0.49970166259038185,0.4886706680117868,0.3995641218034083,0.49502968093983735,0.4653117850691475,0.5853695867174937,0.5837253714520545,0.4014067585873834,1.0,0.838740393117051,0.6487900918549473,103
PTVL,2019-01-01,2025-12-31,0.8866665783556515,0.8513838195930501,0.481316446797381,0.8617336437561157,0.3615404724828652,0.3641199419701432,0.331296959999611,0.3145305590842698,0.3232456423517944,0.38269383268248747,0.5436663027031421,0.34227195721027615,0.6511536957371921,0.8528580304442374,0.6487001555814589,104
LAUT,2019-01-01,2025-12-31,0.8782170952167883,0.8613738461072612,0.5749882006317075,0.8921791839148433,0.3218687851911448,0.3628974105515518,0.36371933917492616,0.3548612183374047,0.3468914182671086,0.45728986893074974,0.4852886315276659,0.4272513961051686,0.8951896754008604,0.8654151542649727,0.6459784343065352,105
VACS,2019-01-01,2025-12-31,0.9361543255902778,0.8822681269909474,0.5767867507074879,0.8214482663541739,0.2507101508853574,0.2801127752526698,0.3039900327583879,0.37460709983777585,0.3680709888673012,0.46988425756152946,0.4705401825040625,0.43620103301973545,0.9010559249120063,0.8658239898455681,0.644929999214493,106
XMIS,2019-01-01,2025-12-31,0.8017888056421749,0.8583361102446813,0.5348387847040978,0.8611414254753378,0.4398251819307432,0.4101909511621397,0.3391150009547229,0.29886740775156323,0.321433804128628,0.3886603488328845,0.5313462233421617,0.3862083453009486,0.8611654282362143,0.8596828466751576,0.64474834631431,107
YKRO,2019-01-01,2025-12-31,0.5920305459044983,0.8090107867598154,0.4514072608390105,0.8513748253354516,0.9355793927622295,0.3758618491490996,0.3073400395865675,0.840303638799613,0.5923143424562689,0.5813474667155344,0.6451001620682499,0.43002442065704305,0.926867422761048,0.8469166715620043,0.6441507840769195,108
ABMF,2019-01-01,2025-12-31,0.9027192678462564,0.8679561355193427,0.636377436631047,0.8726162963488691,0.2664223677685831,0.26859173583284074,0.2978732471582839,0.2896278356293256,0.31108848236503506,0.45782914545359094,0.44081345963116786,0.5964681469617006,0.9992178333985139,0.846661992730441,0.6425432398349703,109
FAA1,2019-01-01,2025-12-31,0.8778135039035163,0.8711736846012414,0.5709058468021451,0.8689153570047049,0.290715663759423,0.3228460636227984,0.32342833708846175,0.23788206152643776,0.27114330925113644,0.42396320658861986,0.4794914369398002,0.35744109392652257,0.9855299178725069,0.8450208442616162,0.6391058380624164,110
BAKO,2019-01-01,2025-12-31,0.8715076178004223,0.32526458880178555,0.9219958683340573,0.8988916845783206,0.234434965728014,0.2555684536314456,0.31887389845633907,0.34043489925680215,0.3139562604566693,0.45990918231824907,0.4644995083024404,0.23893847863424722,0.8697692608525616,0.8940858786381968,0.6377872272057945,111
IISC,2019-01-01,2025-12-31,0.8772458594023884,0.79840041087677,0.4815740397789248,0.8382412235901295,0.3081690992286872,0.3136459749808897,0.2523917713640711,0.4398846500548573,0.3579301215546498,0.42681384705421166,0.533723247320494,0.08842891573234002,0.9894407508799374,0.8631929549579277,0.6374832404092652,112
KOUC,2019-01-01,2025-12-31,0.8946817575364965,0.8738002377221986,0.48593408675470506,0.8405369817026849,0.441364224343563,0.4378560272158674,0.3921222530381161,0.22633426728900125,0.31936342399950274,0.4808884433658603,0.5239725800521443,0.26581179917669606,0.6077434493547126,0.8277749406043919,0.6350695168275662,113
NAUR,2019-01-01,2025-12-31,0.8673486981699203,0.8425496820903317,0.48609705870280734,0.852758841228542,0.257745772895828,0.3418991014761975,0.34660417265844273,0.2952206923872775,0.29045695598689353,0.4555258076911691,0.48345848333695923,0.5491517080777407,0.6046147829487681,0.8353593255118883,0.628329382802862,114
SCUB,2019-01-01,2025-12-31,0.9281246705576569,0.8766779538777966,0.37521344763841485,0.800719937387426,0.9372411156702415,0.4022591186411349,0.17599837050499256,0.9259289346090761,0.7013148840766635,0.8052386334729608,0.5119973655123172,0.13363895924824254,0.8279233476730543,0.8377862595419847,0.6277313840359915,115
SEYG,2019-01-01,2025-12-31,0.8794770415896126,0.8337652820976655,0.6870874756842816,0.8901575952137749,0.3089056350631805,0.3165836666943983,0.32297687203123093,0.2395370748207659,0.24984454514726767,0.37372942632549494,0.4177486975629026,0.42513126602501705,0.9722330856472429,0.8813045790416479,0.6272475241599198,116
RDSD,2019-01-01,2025-12-31,0.9274629243352653,0.8942523423803932,0.572452849777196,0.8668187345151351,0.40896032608652366,0.468212319723387,0.4208474213585485,0.1606478817558409,0.23282786421057702,0.3993697581430598,0.4183768769220023,0.30098777507168484,0.9698865858427845,0.8678874049549675,0.6207285996950542,117
KIRI,2019-01-01,2025-12-31,0.8531041280707939,0.8507760133471208,0.5414934914819715,0.8894961153367728,0.3896187064354515,0.4726535624909569,0.45174865892474475,0.21712824910586104,0.28182716498369215,0.3324664220758099,0.44270240848679265,0.3878192602295004,0.8705514274540477,0.8696687840290381,0.6197746842490811,118
KOUG,2019-01-01,2025-12-31,0.8545570328456814,0.874837460416217,0.6943137495854593,0.8194446949339008,0.28929170042350233,0.32706676903001447,0.3381662564153959,0.2321754347687941,0.2785667499309887,0.511179893780131,0.40503737546495655,0.6086840399691851,0.9827923347673054,0.7924184978136934,0.6194710452534126,119
URUM,2019-01-01,2025-12-31,0.9364837894420415,0.9073902042614573,0.6282360297937819,0.6988123768913709,0.9071967655135258,0.5753803660110348,0.32833021088692665,0.6686216873198618,0.436046381018227,0.5142055522657175,0.404415939329297,0.4227462323772656,0.9968713335940556,0.8440941282425665,0.6189515785604788,120
AIRA,2019-01-01,2025-12-31,0.8917958369041603,0.9070316981108507,0.5461362351150106,0.8450322430824744,0.5476991727123236,0.47631689770640834,0.38406378381421286,0.17317006082631492,0.28880326165381354,0.33138611337507196,0.4539822351971939,0.07651575670969224,0.9925694172858819,0.8070349761526232,0.6129967081900273,121
SAVO,2019-01-01,2025-12-31,0.867298733359202,0.8861138177316239,0.3567914181751438,0.7985479460198561,0.36836785284990564,0.3389519327563701,0.29022962093031685,0.3077643994215656,0.3159538985623415,0.41113346891974345,0.45551242596365976,0.40868062916573467,0.8955807587016035,0.8085279450221979,0.6067108298860059,122
PTAG,2019-01-01,2025-12-31,0.8701451454147994,0.9622717900109674,0.8655428201421937,0.8651883791523104,0.23910433847249027,0.38554693987508204,0.43229161370602365,0.21229978869810653,0.28427611812853143,0.41933504507877206,0.3899900329895956,0.19441337718914564,0.6648416112631991,0.8416208317265735,0.6038931347384491,123
BOAV,2019-01-01,2025-12-31,0.8553249196625782,0.8576541573541796,0.3824763695840159,0.7867275900711048,0.4084085929554464,0.39190418465946797,0.32674075860761514,0.2853358691322583,0.3259199684262722,0.38557111093664076,0.4575608453816865,0.31430696267450076,0.8947985921001174,0.8136508202209576,0.6028123016026308,124
PARC,2019-01-01,2025-12-31,0.9406108926401135,0.9141779823684355,0.4666106021065397,0.8459503745318352,0.449014323216051,0.5070123053214194,0.3923732870445077,0.19697368253614628,0.3129798991550984,0.5594575409138552,0.4240543358532593,0.6079084523776781,0.19554165037152912,0.8392061781609196,0.600283880808124,125
SYDN,2019-01-01,2025-12-31,0.9127533077300991,0.6247757630748418,0.3863379821310354,0.848882172438456,0.25523719333504574,0.5374636894523794,0.735633260610564,0.5251229802430251,0.6846367232896037,0.7376056441411621,0.4551398039038875,0.0,0.9608916699256942,0.8185052750831977,0.5997298083283354,126
POVE,2019-01-01,2025-12-31,0.8628499091522194,0.8763006916783311,0.2910924715085959,0.8153107666050349,0.3429323069741512,0.3539796307611395,0.3136847432125086,0.3208675570657068,0.3073776090788027,0.4154056594054481,0.4367197365695579,0.3451353341472062,0.9296050058662495,0.8227593481740142,0.5934137577365447,127
MAJU,2019-01-01,2025-12-31,0.9027970614796617,0.8211162447825382,0.5687717266629095,0.8617426377563163,0.1903179621124783,0.3476596847933351,0.4008565864256867,0.29875109485011697,0.35079566002996565,0.39284986766420366,0.3560788235691039,0.4949172085995559,0.7098161908486508,0.8606417944873718,0.5924844476168256,128
BRAZ,2019-01-01,2025-12-31,0.8493881897818043,0.6617423749535614,0.2851520704329528,0.7215062641346879,0.4057835452127409,0.39522810959274607,0.34524225190792757,0.2782162650160406,0.29165925465997095,0.33807311518291056,0.4550694305185699,0.4303804400783947,0.9878764176769652,0.769458521537953,0.5914092272518983,129
PNGM,2019-01-01,2025-12-31,0.8655959233180502,0.8517799523060463,0.5538414473436,0.7860724566546835,0.4594150232178476,0.47591651922519135,0.43063727509119176,0.23527704959541387,0.2697435800938343,0.36552185565490863,0.4095938667707784,0.3391355344326975,0.670707860774345,0.7780706754060985,0.5907993487359673,130
SCTB,2019-01-01,2025-12-31,0.22400938728733197,0.9071250964731268,0.45681079846818384,0.8517996572081508,0.2541406859854764,0.23630918462630432,0.2226691828499905,0.2965643253636308,0.28855958563033607,0.4440301635091101,0.8550290139068948,0.23563593350328582,0.4618693781775518,0.8469462302746932,0.5886787659223219,131
JOG2,2019-01-01,2025-12-31,0.8521770166732187,0.8481415042383008,0.4419074703815665,0.613881856150207,0.7191627886141697,0.42041459504938294,0.26924730595445306,0.6950640439560138,0.5702720598863593,0.653005855314956,0.41512678532680425,0.1586289465711923,0.959718420023465,0.8637491492740472,0.5798811978235368,132
SOFI,2019-01-01,2025-12-31,0.9005543699669784,0.9837048624311805,0.48258244261733274,0.8479414829207851,0.21896647390973709,0.2583135730007653,0.2794154381005969,0.35332063815883047,0.28845496256743863,0.470513775148675,0.36906843791620114,0.265334727701398,0.624168947985921,0.8301410854723014,0.5785846683432156,133
UNSA,2019-01-01,2025-12-31,0.8295980125561517,0.8512824501304925,0.3364421929691512,0.8199926819037759,0.32494613212916734,0.4116649260153715,0.39579734012963214,0.40304702008515264,0.4013180579574824,0.43701197028867317,0.3905565148896458,0.2684359682927254,0.993351583887368,0.822402837501027,0.573674861101472,134
TOPL,2019-01-01,2025-12-31,0.8485263159657693,0.8798753214588683,0.31942247926736134,0.7162021256201284,0.35929282128308077,0.373696480937063,0.3089150624540955,0.29432243443358863,0.3086464695792515,0.3628054835356491,0.3687755800803295,0.35224633530432803,0.9483770043019163,0.7732755033219969,0.5609718326223648,135
LMMF,2019-01-01,2025-12-31,0.8764775686048598,0.8883017609749625,0.5783229808240026,0.7939526738728487,0.5724915110719656,0.4396610325928477,0.3564798747760774,0.22820529749615925,0.33590541293987186,0.37940778959296306,0.28225599688348424,0.33519522289169834,0.9972624168947986,0.8256492797904844,0.5606992069282295,136
MAL2,2019-01-01,2025-12-31,0.8841989816932033,0.8644321357458047,0.41849372014585484,0.8490350941193638,0.2733147392440726,0.31851194398326005,0.3156706732327834,0.2987262541902163,0.2995545997434278,0.4786011266575739,0.327054924836103,0.05869858122132077,0.9710598357450136,0.8508627686968204,0.5589567606541946,137
THTI,2019-01-01,2025-12-31,0.4807655783398802,0.8122721601371194,0.42365294638806383,0.7819047401328197,0.50483414458516,0.761418423196525,0.6251846146449603,0.4930132497255019,0.7010893000010039,0.774929209282703,0.5953234672827835,0.17973210964065633,0.3844348846304263,0.7936910232574456,0.5567321282826923,138
DARW,2019-01-01,2025-12-31,0.8568657304111638,0.7150159201559986,0.4224786294310013,0.6654817841334695,0.2951317418209813,0.3482541117441626,0.3662783763966125,0.3640226072791093,0.36296986463305836,0.44470589205429734,0.3251739339187213,0.3518090162652504,0.9765350019554165,0.8205607802159527,0.5525359254755439,139
SGOC,2019-01-01,2025-12-31,0.8612980375918241,0.8651534683432466,0.4610675777109969,0.7797623447664105,0.8478419247343856,0.48162563929310326,0.37740890531788124,0.6091505897213392,0.4080257714107869,0.48392039741950216,0.3144228104025608,0.029628055405030218,0.959718420023465,0.8379154378402904,0.5501214784285996,140
NLIB,2019-01-01,2025-12-31,0.8976028249877411,0.8377622448970518,0.1955362242317324,0.8225095849123507,0.2842534810752594,0.31074584554479356,0.2854844175894279,0.4296075783242966,0.3809499910084638,0.4584664121367428,0.34363270118020767,0.029351938915751385,1.0,0.8144018227572605,0.5482758531317835,141
CIBG,2019-01-01,2025-12-31,0.8532219019928451,0.877566996950281,0.4985951553737813,0.8329624624552926,0.5166245850798032,0.42555826170718486,0.35735895865284695,0.2329956908406154,0.3242833599128618,0.42116062184885716,0.2320498160783111,0.08557633687735355,0.9288228392647634,0.8371997596611809,0.5272926907334609,142
UTQI,2019-01-01,2025-12-31,0.5840200799007804,0.8247800880298857,0.0017971194250528681,0.7644117226078866,0.8765521656045515,0.6949122602736041,0.3559000423372697,0.903095891010818,0.6858118698849689,0.6808449943295145,0.35092100135648585,0.48015607090475887,0.9910050840829097,0.7835321491324402,0.49560781547271904,143
SALU,2019-01-01,2025-12-31,0.7902257850286997,0.8637451377893182,0.07279447471487277,0.7530751163392565,0.461001330456882,0.4168320661230581,0.3393747647416698,0.28770461146340864,0.326615351574307,0.3746898962835304,0.23942195331090882,0.07640396878436484,0.9084865076261244,0.785299494972201,0.48503160712301635,144
POHN,2019-01-01,2025-12-31,0.8542071826331948,0.8267286576650372,0.24817693887161682,0.8189803264557876,0.2847982380972586,0.358461447053638,0.3858416065751605,0.3416820303050096,0.3695233441812676,0.4375717600455914,0.12803029958860904,0.20024789694962264,0.7242862729761439,0.8239674733135863,0.4788579281790726,145
