station,window_start,window_end,amb_resets_no_kf,cn0,mp1,mp2,mp5,mw12,mw15,mw25,satellite_gaps,uptime,score,rank
SCH2,2019-01-01,2025-12-31,0.8919549293599139,0.8857374627023483,0.9305893876380902,0.80145185119837,0.5258035171555311,0.9403502558913875,0.7974237035841014,0.7843153419673945,0.4227040028561211,0.9878764176769652,0.752698591788554,1
PALM,2019-01-01,2025-12-31,0.7350004518004409,0.8218256963290541,0.546863649725823,0.652314592301477,0.650302209821238,0.6796505261828678,0.7154542636757805,0.7523929841798985,0.6297661401354008,0.9256941728588189,0.7010173841313552,2
WARN,2019-01-01,2025-12-31,0.9143966433654481,0.9532074303341027,0.8834613245262046,0.5725688905959981,0.3274948437870819,0.6698182838316735,0.5176675922154781,0.7020192359230828,0.6400451923347419,0.9988267500977708,0.6815044323147594,3
KZN2,2019-01-01,2025-12-31,0.9419888699085622,0.8683501177389995,0.8106904943570475,0.9339667398229877,0.71186225845922,0.7087931826641786,0.7127368407615673,0.8323597790337942,0.12189028922894685,0.5795854517012123,0.6784758736969636,4
UTQI,2019-01-01,2025-12-31,0.5855281520351951,0.8247791708082519,0.876553239097865,0.6948509148691144,0.3559083348964766,0.9031854160304077,0.6857647017127736,0.6807724602145157,0.48015607090475887,0.9910050840829097,0.6783272199968771,5
POL2,2019-01-01,2025-12-31,0.6768064641133646,0.918536519065612,0.9561322547874631,0.41130901115871854,0.26370585975959693,0.9040535514494275,0.7343934038878216,0.847607524462453,0.45856712852461834,0.9964802502933124,0.6694409777895535,6
OHI2,2019-01-01,2025-12-31,0.9380288612329424,0.9097975700133635,0.9064156160345451,0.7007884236243536,0.3498375258667388,0.8216635493766431,0.632998955414377,0.6229164065040246,0.42448849699386526,0.6280797809933516,0.6653104951713834,7
PIMO,2019-01-01,2025-12-31,0.8065230817849629,0.786739419161414,0.7308348141597142,0.6859819504640814,0.5553718440056507,0.7923449959720438,0.7098895601225799,0.7379303635115652,0.19069647357999298,0.9155260070394994,0.6644016932494218,8
IQAL,2019-01-01,2025-12-31,0.7063845726639998,0.8471357413550927,0.33484042127777985,0.4892061364281219,0.8516456809114561,0.5942139213676925,0.7634103908663147,0.8532516580522386,0.44222087854383774,0.9996089166992569,0.65829059585506,9
STHL,2019-01-01,2025-12-31,0.7582996356103162,0.8823695222749275,0.9585177199391408,0.336750096887499,0.22996535965745316,0.8334892464897038,0.6195352958466502,0.7009191289740025,0.5338170540397391,0.9429018380915135,0.64359000992402,10
MBAR,2019-01-01,2025-12-31,0.6103245215476921,0.8640118537080379,0.9548880193380975,0.4063505189260666,0.31942221945057137,0.8575034080100613,0.6927003968919678,0.7755046434898303,0.3451108251332058,0.9436840046929996,0.6425935737811489,11
SUTM,2019-01-01,2025-12-31,0.9433931413892264,0.9180765266231244,0.9203264575813084,0.539685132489159,0.3402013461590265,0.6757325635874863,0.43805969666992584,0.5172970005232542,0.450647058909342,0.9964802502933124,0.6395824526144938,12
POTS,2019-01-01,2025-12-31,0.9486672165797105,0.9168135893640107,0.9260884335140901,0.6049632230004081,0.3149769103796999,0.6683361281299759,0.41510611236907446,0.5035078496522003,0.44343641518851407,0.9996089166992569,0.6382383605427131,13
MCM4,2019-01-01,2025-12-31,0.282253338416906,0.8932218531994659,0.780234268695435,0.6893509590119872,0.44413840950114236,0.8092482633959674,0.6244924917565793,0.6653571416565383,0.44901289616667217,0.9960891669925694,0.6368861927994707,14
URUM,2019-01-01,2025-12-31,0.9379264277551207,0.9073876835989901,0.9072012249014294,0.575327239431815,0.32834466149420505,0.6686959530366335,0.43599363020058285,0.5141135449831676,0.4227462323772656,0.9968713335940556,0.636059164773443,15
STPM,2019-01-01,2025-12-31,0.9319505320934535,0.8913235408656645,0.468576193382632,0.6141562791207515,0.6577975432914557,0.3166424226250544,0.6270471599462898,0.7120950495540816,0.5667989716390323,0.7536175205318733,0.6359050722225361,16
VOIM,2019-01-01,2025-12-31,0.9270283731194592,0.8899696566336491,0.776056949432811,0.45533179365563614,0.2699291014097703,0.7639756672395054,0.5892476773594414,0.6194209795768942,0.37863271630831863,0.9225655064528745,0.6308278934284651,17
CZTG,2019-01-01,2025-12-31,0.9154622383930652,0.9019930012864332,0.6030398170556925,0.6937507600694234,0.6935042119907701,0.29302434365764324,0.6783354084085915,0.7556277695422792,0.18156553740632264,0.9151349237387564,0.6307122935115944,18
HLFX,2019-01-01,2025-12-31,0.941336168378048,0.8596096752914083,0.37158278622348206,0.5172469805721114,0.6917322910291883,0.4280458334472578,0.5508766623200547,0.7267406032953831,0.4039013834057119,0.9964802502933124,0.6236049974215869,19
WIND,2019-01-01,2025-12-31,0.9393319803514817,0.9228425885591774,0.9275883145709765,0.5101781891464024,0.365003634978983,0.6782994843263542,0.4417089273410722,0.529051958595757,0.2953971755685364,0.9534610872115761,0.6235089358128623,20
SCUB,2019-01-01,2025-12-31,0.9291969180136497,0.8766705663206878,0.9372672317269523,0.4022511704996405,0.17602654238295967,0.9259896066334717,0.7012567785431709,0.8051863582319786,0.13363895924824254,0.8279233476730543,0.6233360898550336,21
HRAO,2019-01-01,2025-12-31,0.8791559871239681,0.8097177949445762,0.5300710955256127,0.511893731584525,0.38126672025435626,0.6069640712721223,0.49390529743566114,0.5946901111159343,0.5804162760671254,0.9116151740320688,0.6160292490405312,22
YKRO,2019-01-01,2025-12-31,0.592821497917955,0.8090112127945241,0.9355846775413481,0.37581823238603107,0.30735439152845334,0.8403944710708198,0.5922624552240687,0.5812610994799013,0.43002442065704305,0.926867422761048,0.6158220887893967,23
ULAB,2019-01-01,2025-12-31,0.934688705124315,0.9191143024844988,0.8897251307162324,0.5896821476393349,0.3065379976201225,0.6507151619227126,0.405480800713835,0.47660359260995666,0.28401659212509234,0.9847477512710208,0.6121045209241951,24
BAKE,2019-01-01,2025-12-31,0.6683044079648827,0.8480300373995064,0.23280134495751537,0.4173966417703059,0.8052684694086637,0.433346596464565,0.634536053521933,0.760305864123048,0.49961738109203935,0.9980445834962847,0.607428436260888,25
PIE1,2019-01-01,2025-12-31,0.7899615011158413,0.799719500389517,0.8294248890650582,0.5161318408848005,0.33416992329661843,0.7519468401844627,0.5115700833204503,0.6207187076532726,0.15526153285011535,0.9851388345717638,0.6040938794880736,26
GODN,2019-01-01,2025-12-31,0.7563184287423812,0.8259193079371488,0.9428530552777878,0.377520656168568,0.1838732535040707,0.79388290486004,0.5227735033981571,0.5615214296195138,0.361836742062734,0.9831834180680485,0.6025799812701219,27
JOG2,2019-01-01,2025-12-31,0.8541561586719403,0.8481408146170403,0.7191481336970673,0.4203673582062925,0.2692584705936647,0.6951389347244,0.570220885150107,0.6529289084618312,0.1586289465711923,0.959718420023465,0.5912686435657448,28
BSHM,2019-01-01,2025-12-31,0.6910727827613771,0.8796000545312459,0.5725327035004202,0.5479179445142492,0.4518933476170598,0.5457780194127263,0.4984405459533925,0.6165429878564463,0.19527648463524105,0.9734063355494721,0.5826139413284269,29
CRO1,2019-01-01,2025-12-31,0.7340104322832225,0.8908362614957579,0.4996681375645522,0.4886241308570573,0.39957164497263425,0.4950891718625982,0.4652598329037707,0.5852860612832465,0.4014067585873834,1.0,0.5825456827908354,30
KMNM,2019-01-01,2025-12-31,0.7687398647369301,0.5348429371179754,0.6609466503646323,0.6018369186357362,0.5148919895540897,0.28990028000483686,0.5101534191621828,0.7107318895960281,0.39906229729768306,0.8330074305827141,0.5746992357671278,31
SYDN,2019-01-01,2025-12-31,0.912860768158632,0.6247800447001662,0.25518349751747793,0.5374104570687029,0.7356057010869584,0.5251854125447353,0.6845882679779726,0.7375404069849588,0.0,0.9608916699256942,0.5741463734404811,32
SGOC,2019-01-01,2025-12-31,0.8628123203382432,0.8651522001476898,0.8478385160421861,0.4815791870568069,0.3774182753538761,0.609218293589661,0.40797062687475594,0.48382446638839943,0.029628055405030218,0.959718420023465,0.5703110340163007,33
THTI,2019-01-01,2025-12-31,0.4810110093497004,0.8123021076980523,0.5047824134853415,0.7612410777372697,0.6250887762346583,0.49308737908400857,0.700980524934124,0.7748148259586211,0.17973210964065633,0.3844348846304263,0.5625230503075894,34
RIO2,2019-01-01,2025-12-31,0.9553617449228685,0.863177354457209,0.39059753802200353,0.32912979122262626,0.3097207978749581,0.41956649632213183,0.3636252306893172,0.4994630319340052,0.5742981564103429,0.9937426671881111,0.5554109254282618,35
LROC,2019-01-01,2025-12-31,0.7006260855190535,0.9037773466132006,0.15951409538875214,0.3820709081351922,0.5774994839706152,0.3720486891588964,0.5409180481127265,0.6210004596999084,0.4537100272774943,0.9178725068439577,0.5521455765104442,36
MKEA,2019-01-01,2025-12-31,0.824680436600115,0.8766841885539447,0.39905237578943004,0.3897200836606308,0.36345120001673326,0.41102611403580724,0.39034500231568336,0.4818682411589092,0.5015123427273933,0.9890496675791943,0.5520204592487006,37
MOBS,2019-01-01,2025-12-31,0.9475015912661305,0.8074090178201785,0.2886786037451026,0.3337952707008767,0.40518295002595134,0.3630922276083025,0.35616793184173373,0.5612941106639691,0.6043940863139707,0.9491591709034024,0.54971256063573,38
KAT1,2019-01-01,2025-12-31,0.9069825465001481,0.8781140485116744,0.28802358972998043,0.3095638145011459,0.32878953980063774,0.3327985801796502,0.33741467281731813,0.45603675164876134,0.822357994955365,0.9749706687524443,0.548489714102288,39
HERS,2019-01-01,2025-12-31,0.9495105308047498,0.9088057037307766,0.2684944059086799,0.2382776886557295,0.25609791808663623,0.361584331521535,0.33412752024607073,0.5462790447659892,0.7794252291770258,0.9956980836918263,0.5470257471489156,40
TOW2,2019-01-01,2025-12-31,0.9464529468832187,0.8706772469974481,0.2783133576528193,0.2712179427917472,0.3045352589366534,0.28572889143080443,0.3193217724047077,0.5081702483705726,0.9073117067667106,0.939382088384826,0.5466167146847537,41
MDO1,2019-01-01,2025-12-31,0.9488820600522818,0.886668073073569,0.34293299762197416,0.32330413678458325,0.2965488691580197,0.42260808937359867,0.39302508194788016,0.4640177356657183,0.5885537842667659,0.9123973406335549,0.5464181522874062,42
KRGG,2019-01-01,2025-12-31,0.9229026128803345,0.9286030046715135,0.4421454435391289,0.42540787872128544,0.33924972897847605,0.2534655463069606,0.3309782008718866,0.41613597502804434,0.531173145806243,0.9804458349628471,0.5445701630624984,43
LCK4,2019-01-01,2025-12-31,0.8568293504308179,0.9130877924726677,0.5975591197264611,0.5321728205762684,0.3544168205792346,0.1596544402956068,0.304879083186921,0.4528134781166035,0.6651996117298339,0.7004301916308173,0.5443175830278187,44
STJ3,2019-01-01,2025-12-31,0.9571957630714355,0.9097047198092516,0.26257180685323434,0.2597196351408452,0.250124707052024,0.335159446210921,0.3143500171011624,0.5227022257027394,0.7830759273612395,0.9788815017598749,0.5421573203341643,45
GAMB,2019-01-01,2025-12-31,0.8483413863953232,0.9004349346655318,0.4886153678504201,0.550886410745278,0.48179020868686057,0.13695311032994517,0.24507448212920907,0.42006088951638737,0.47839828202591783,0.9655846695346109,0.5405229801598259,46
BRST,2019-01-01,2025-12-31,0.9189405084842347,0.9065003978958639,0.47929704736270934,0.40638825915389015,0.3221081054491251,0.3151389633556589,0.3665332172239034,0.45143416790470475,0.3620297650881078,0.9831834180680485,0.5403715546048854,47
DRAO,2019-01-01,2025-12-31,0.935067492827683,0.9006714000268049,0.3473924750530819,0.24637453114240776,0.21141303169644043,0.3536047004870113,0.31635807983448516,0.6101071269282828,0.6086840399691851,0.9941337504888541,0.539403644876842,48
UFPR,2019-01-01,2025-12-31,0.8971802302770708,0.9005456445402663,0.4292787197554148,0.3770239748709685,0.3075805234795929,0.31249922430955906,0.3333482247685823,0.39218479614337404,0.5291996146058111,0.9855299178725069,0.5366283740697699,49
POAL,2019-01-01,2025-12-31,0.9157570696456718,0.8979712117360054,0.4145145049345915,0.3561363176455723,0.28469563817242294,0.33403285235196534,0.3489575432589869,0.37650260705819355,0.5301829668386716,0.9890496675791943,0.5350325850349773,50
TLSE,2019-01-01,2025-12-31,0.9205272480186573,0.918480128154951,0.4800773982553145,0.4324195036820069,0.3735030087124176,0.15457722674336577,0.22231296330521141,0.45568042776253237,0.5058325434841149,0.9859210011732499,0.534121461020744,51
EUR2,2019-01-01,2025-12-31,0.6186760212322473,0.8603373513952347,0.17371874274881582,0.3274151424219827,0.5670839999473529,0.3204414120152465,0.4208257671821689,0.6766269741241535,0.4474976885037768,0.9968713335940556,0.5331257721055866,52
LMMF,2019-01-01,2025-12-31,0.8762990143046809,0.888299576050326,0.5724660078222369,0.4396172351026769,0.35649161348712977,0.2282421053825629,0.3358503317359261,0.3793035177555043,0.33519522289169834,0.9972624168947986,0.5319693353152315,53
KIT3,2019-01-01,2025-12-31,0.9325525864954397,0.8865101531237319,0.3970589307166585,0.3834663558676176,0.3226576379889472,0.4701484576109311,0.40487086536043226,0.5396508630183992,0.11890878850481734,0.9569808369182636,0.5318074723327425,54
NKLG,2019-01-01,2025-12-31,0.8686878156028858,0.8677714896474431,0.3238583450193458,0.32030568842221335,0.32220742888493864,0.25472460054843776,0.2835982922480333,0.42754480687233265,0.7601866582060955,0.9839655846695347,0.5315902709194045,55
BRUX,2019-01-01,2025-12-31,0.9545584184652834,0.8874827833223797,0.287725675265688,0.2017833266105759,0.22210701441015962,0.3572286072859949,0.28116735893604744,0.5398220475647412,0.6923647181534851,0.9984356667970278,0.530986251887692,56
THTG,2019-01-01,2025-12-31,0.8842497078475969,0.8856296098085662,0.2698553607146221,0.3052049156919519,0.33000830332280495,0.2572230066265948,0.27788809293615696,0.47302460907620425,0.7280899400022899,0.9855299178725069,0.5300440548877587,57
MCHL,2019-01-01,2025-12-31,0.9215260436324354,0.9062269625701109,0.4793960461107423,0.4245271278912663,0.3156868270519516,0.29893065538121877,0.29494429779972,0.240216091467672,0.5337250642225395,0.9554165037152914,0.5286778815597906,58
VNDP,2019-01-01,2025-12-31,0.9735904346099731,0.8853830558927271,0.299274246260965,0.3115517044631324,0.3496141731844828,0.2504077403802574,0.26417268903020685,0.44250665588646476,0.901136274415959,0.6648416112631991,0.5261708617429416,59
UNSA,2019-01-01,2025-12-31,0.8299449385683322,0.8512810090785516,0.32489889645439135,0.41162291366629594,0.3958050031297623,0.40309868735616294,0.40126434596962013,0.43691065913059,0.2684359682927254,0.993351583887368,0.5255860025068548,60
LPAL,2019-01-01,2025-12-31,0.8634784330540745,0.9902382160310816,0.18100101581652278,0.3188301324722679,0.44482443584892073,0.2865567615828334,0.4191538903836074,0.48416477690375437,0.6767510310241993,0.6390301134141572,0.5244746230781135,61
MRO1,2019-01-01,2025-12-31,0.9034815527008986,0.8758928620234089,0.395113337220366,0.38664205504021326,0.34836773359148315,0.248475378038551,0.2596851428937629,0.3821455179565087,0.5148865146848479,0.9902229174814235,0.5236795341257293,62
KOUG,2019-01-01,2025-12-31,0.8552496135707491,0.8748358005389354,0.289241209187242,0.3270295888006058,0.3381790524304644,0.23221273776792486,0.2785097588689351,0.5110870067780705,0.6086840399691851,0.9827923347673054,0.5230787063293286,63
METG,2019-01-01,2025-12-31,0.9230686907331294,0.8935781056581996,0.30064129677776136,0.2484000065492819,0.24447029206804483,0.3114805495682249,0.23217756706844042,0.45362901537826283,0.722800203735906,0.9769260852561595,0.5227078861300376,64
GRAS,2019-01-01,2025-12-31,0.7347434306125044,0.8333383567052195,0.37997996846644855,0.4612482348910862,0.37145856147989087,0.28204293424057414,0.3956809988000008,0.456662304042593,0.7799410713545732,0.5612045365662887,0.5225995729546395,65
LAUT,2019-01-01,2025-12-31,0.8787350126606088,0.8613742748030425,0.32181992980537766,0.3628511737243771,0.3637247509550396,0.3549098522873925,0.3468322877554125,0.45718741857662093,0.4272513961051686,0.8951896754008604,0.5221573437767062,66
EBRE,2019-01-01,2025-12-31,0.9489065470017879,0.9909900695059086,0.2249678373622969,0.22647634420285567,0.25903545172107095,0.3468702762945344,0.2608119822980523,0.44254688653515434,0.6060640705570772,0.9925694172858819,0.5214815108115571,67
JOZE,2019-01-01,2025-12-31,0.9377356560324326,0.8719653983696666,0.2906616661318094,0.25614491638605963,0.2561683765440244,0.3855906712169839,0.34397898911941877,0.5678034752738987,0.49774726586293294,0.8584278451310129,0.521078014887431,68
ALIC,2019-01-01,2025-12-31,0.9455367729478888,0.8025325732567128,0.2302641815309747,0.3176241616516957,0.3366502483733088,0.3449152261519076,0.3993162891761975,0.49149627235476656,0.4469461208370197,0.9495502542041455,0.520976160248889,69
ABMF,2019-01-01,2025-12-31,0.9023606908081057,0.867954278063097,0.26637157038250664,0.26856004962779845,0.2978907797303801,0.28966988689694206,0.3110329186136691,0.4577304988158143,0.5964681469617006,0.9992178333985139,0.5195990381618747,70
ISPA,2019-01-01,2025-12-31,0.8316764767964961,0.8413813303190104,0.3613393387438337,0.4877488548672776,0.38696051607594933,0.32185705083261795,0.4258022074577465,0.5192489480827907,1.0,0.07195932733672272,0.5192241790100484,71
MAS1,2019-01-01,2025-12-31,0.8555036100593636,0.8988649153808663,0.26572297967985525,0.28152847787396923,0.3007955367425248,0.2840850100012796,0.28356529885317455,0.42925888768659215,0.6534456434643803,0.9992178333985139,0.5191237035576125,72
DAV1,2019-01-01,2025-12-31,0.5053313806649218,0.9010204946162441,0.25846947538627335,0.22566810723985384,0.22853996423732353,0.40821817819936845,0.3974970198664794,0.5401050373235563,0.8678661125890568,0.8916699256941728,0.517676878529034,73
KARR,2019-01-01,2025-12-31,0.9029423282347027,0.786765084011912,0.3598462947636351,0.3609113767545663,0.34886243100449665,0.3292259446019847,0.34099097571704595,0.42443628706016673,0.4943578737391118,0.8498240125146657,0.5165926080306308,74
VACS,2019-01-01,2025-12-31,0.9371208414948692,0.8822681606873911,0.2506550988780522,0.2800722966909398,0.3040013749298803,0.3746574018845121,0.368012391052896,0.469783330589415,0.43620103301973545,0.9010559249120063,0.5160148525905356,75
NANO,2019-01-01,2025-12-31,0.9600839186954598,0.8721294957925328,0.2511559778916196,0.22597278352731898,0.2132944322669822,0.33969170345458455,0.32836891027490256,0.5311539630678382,0.8251685333149489,0.6613218615565115,0.5160069543708897,76
CPVG,2019-01-01,2025-12-31,0.7975187620107211,0.8443501464054647,0.47806744767218196,0.416612211031525,0.33783552764809527,0.22014727302243356,0.27849380728552997,0.366759367306885,0.47151660012813434,0.986312084473993,0.5158336637839984,77
RIGA,2019-01-01,2025-12-31,0.9434061574492122,0.9654702665800907,0.10042005044187823,0.30326063492789007,0.28228484151986416,0.4230422162818877,0.501746286119305,0.45156434830023406,0.24982048577962623,0.9835745013687915,0.5147794069267677,78
RDSD,2019-01-01,2025-12-31,0.9270726253038505,0.8942502560520157,0.40892192335335686,0.4681658318279822,0.42085351816564637,0.16067609590262694,0.23276986949296663,0.3992660471732053,0.30098777507168484,0.9698865858427845,0.5138189398335452,79
MATE,2019-01-01,2025-12-31,0.938286831635407,0.9793835194239695,0.2925328958559583,0.2526285104915827,0.28163004730587116,0.38510390095010766,0.288430432236204,0.430251893582242,0.34219990355548613,0.9820101681658193,0.5127117947709747,80
ASCG,2019-01-01,2025-12-31,0.8420410251223441,0.8931203963639422,0.5109854446287392,0.39477305998983353,0.3330501758798872,0.2159203913446373,0.30594496342839334,0.39141280684472723,0.30882535269736366,0.9644114196323818,0.5125734173893728,81
WILL,2019-01-01,2025-12-31,0.9448576682883724,0.8803751120597928,0.2634636624381415,0.2036115146956177,0.19541194838193787,0.327750164723039,0.27825958060595224,0.6086713130073989,0.852456133628811,0.6096988658584278,0.5124512249390252,82
AJAC,2019-01-01,2025-12-31,0.9593472715675573,0.9518623349037284,0.1517449838113064,0.2300121306234204,0.24761033068556598,0.39739672698059103,0.3735497970948501,0.459256437899794,0.5041036713268238,0.8893234258897145,0.5122512998191128,83
GRAZ,2019-01-01,2025-12-31,0.9590580164134981,0.8721509852375058,0.25696912633281427,0.23663746251830853,0.252589368966024,0.3274280704813087,0.3194889145650441,0.5415766823834978,0.40177089002494304,0.9964802502933124,0.5122240915320837,84
YEBE,2019-01-01,2025-12-31,0.9250012975836853,0.9449207876847178,0.16902148305032172,0.2925836874743882,0.402248765153292,0.281648189826423,0.3222527138121438,0.39365186196728014,0.43680569483715237,0.9886585842784513,0.5116237932059128,85
SULP,2019-01-01,2025-12-31,0.9171223841931209,0.944606003611863,0.4505479947331289,0.4886465711582755,0.37901568156261783,0.26513906133539733,0.21966603356951747,0.46291608694502656,0.43587650453701066,0.5627688697692609,0.5104186930491731,86
CCJ2,2019-01-01,2025-12-31,0.856317289004293,0.8928535118065267,0.5003959178928323,0.4907994849551404,0.40900402203540426,0.15324847758785143,0.27895198770471796,0.37521911766403115,0.1862831087289898,0.986703167774736,0.509806690869691,87
MELI,2019-01-01,2025-12-31,0.9364010374840337,0.9752915347273129,0.15824151469311104,0.2669670344796308,0.28771964886966955,0.32811604384328674,0.34954346837634476,0.40137873089182885,0.46689541005235746,0.95267892061009,0.5090630912669916,88
XMIS,2019-01-01,2025-12-31,0.801303290797503,0.8583374545884985,0.4397860961701113,0.4101383810510759,0.33912051972879204,0.29891169926939276,0.3213723383646331,0.38854992028789714,0.3862083453009486,0.8611654282362143,0.5087879770624917,89
KIRI,2019-01-01,2025-12-31,0.8533243482569001,0.850776632179631,0.3895786776592655,0.472598489540762,0.4517450380552525,0.21716764275312261,0.2817688093859269,0.3323522558636212,0.3878192602295004,0.8705514274540477,0.5087751501934222,90
DYNG,2019-01-01,2025-12-31,0.9436523715335453,0.9056538070490452,0.28653538531614536,0.3333121015318479,0.3827441172472882,0.1908387726186114,0.19423968534672617,0.41137683380886364,0.5725972649651165,0.8947985921001174,0.5087541872774424,91
DJIG,2019-01-01,2025-12-31,0.887709390284016,0.8687268675701512,0.2988128669132043,0.3284897131842622,0.36723646753189804,0.20938515177487133,0.24738772109597712,0.3992564099463376,0.5377352001435275,0.9667579194368401,0.5085753053991934,92
SAVO,2019-01-01,2025-12-31,0.8667566071564587,0.8860934066263838,0.36833181906238893,0.33898149445355646,0.290295191742154,0.307791666737919,0.3159258492040015,0.4110586623168772,0.40868062916573467,0.8955807587016035,0.5071855864645542,93
DARW,2019-01-01,2025-12-31,0.8575488882963344,0.7150178278085636,0.2950816977046394,0.3482150065519815,0.3662880054047931,0.36407119771202695,0.3629145673199315,0.44460490244222944,0.3518090162652504,0.9765350019554165,0.5067376174500628,94
PARC,2019-01-01,2025-12-31,0.9405170088668622,0.9142583447941568,0.4489277597168612,0.5066988104805449,0.3921662552063689,0.19693069372143313,0.3127627191134598,0.5592301372669237,0.6079084523776781,0.19554165037152912,0.5060160381507001,95
POVE,2019-01-01,2025-12-31,0.8624207340415044,0.8762997500200621,0.342888360368697,0.353937574823652,0.3136990477850211,0.32091437408674156,0.3073203427338794,0.41530065324621657,0.3451353341472062,0.9296050058662495,0.5053789252906958,96
ALBH,2019-01-01,2025-12-31,0.9473022653018189,0.8883499801588445,0.3134170339812748,0.20664701813344116,0.2028130824345587,0.3484785321859459,0.2720494650151923,0.5190722991225825,0.37105658199446534,0.9992178333985139,0.5050284272689345,97
AIRA,2019-01-01,2025-12-31,0.8916189346611945,0.9070281543796875,0.54767353091074,0.476278863569099,0.3840717530398987,0.17319595564749268,0.2887435718436773,0.3312799978001807,0.07651575670969224,0.9925694172858819,0.5050174152135803,98
BOAV,2019-01-01,2025-12-31,0.8548435287847601,0.8576547870693061,0.40836726145032004,0.39185546280348516,0.32674945728132604,0.28537866195634554,0.3258600773748003,0.38545994121870464,0.31430696267450076,0.8947985921001174,0.5036705752343561,99
MCIL,2019-01-01,2025-12-31,0.8420340923868284,0.8970221427497527,0.5246451627525422,0.466473762951243,0.3492688718654755,0.20329388492320166,0.31406233493364305,0.24873660423066687,0.2062850005417165,0.9941337504888541,0.5034656451384661,100
MIKL,2019-01-01,2025-12-31,0.9339069812231509,0.9705150710566629,0.18956051353019665,0.26755819732531544,0.3073880285414247,0.4117999791224077,0.39509443779290687,0.45733770735506984,0.1257017421954164,0.9882675009777082,0.5033701847601079,101
CHPI,2019-01-01,2025-12-31,0.9091407728078019,0.854818992950955,0.2884956682961225,0.3202811412986094,0.346253966248711,0.16283397160522586,0.24869002292171985,0.516902435793045,0.45840433960838445,0.9358623386781384,0.5031939929471745,102
TOPL,2019-01-01,2025-12-31,0.8479942577088643,0.8798705917648504,0.3592484026791224,0.3736708415515998,0.30893656064465264,0.29435282592049034,0.3085865056675072,0.36269690912921887,0.35224633530432803,0.9483770043019163,0.5028481332217696,103
HKSL,2019-01-01,2025-12-31,0.8677687437499471,0.9542768295236839,0.20863486078276886,0.28309324175667283,0.32286255161674515,0.27434914600955895,0.26397681367687004,0.4628385624987171,0.4271642404613789,0.9714509190457568,0.5027253996856826,104
REUN,2019-01-01,2025-12-31,0.9377273090071159,0.8796561021409132,0.2502865907622209,0.2851263149675522,0.31455033206356603,0.3408452116181211,0.36700079513434103,0.3887083586579298,0.27478849671829975,0.9878764176769652,0.5019987857610708,105
CIBG,2019-01-01,2025-12-31,0.8529992613945145,0.8775664609491405,0.5165951081662566,0.4255120901916588,0.3573667302404863,0.23303344767836043,0.3242256089389801,0.42105505718949193,0.08557633687735355,0.9288228392647634,0.5017462880181519,106
WTZR,2019-01-01,2025-12-31,0.9524622312637939,0.9901975614398338,0.24616255776454288,0.1832134676971981,0.1931077566997509,0.38284242994588347,0.2760286164216813,0.5117381281334106,0.2879014497989507,0.9996089166992569,0.5016324675242991,107
CKIS,2019-01-01,2025-12-31,0.8694224923101921,0.8800546984191548,0.38148090665375306,0.36280342148840156,0.3330574007561327,0.2340581174888479,0.27562091087934176,0.33104121450777685,0.5120936661621874,0.8275322643723113,0.5005780740514022,108
M0SE,2019-01-01,2025-12-31,0.9537226279535225,0.9797011147137461,0.14329721095696582,0.2537068603732883,0.29832035459977685,0.3792974651322952,0.3864127872129942,0.44377156692782915,0.2456845514903555,0.9163081736409855,0.5000162177334905,109
NICO,2019-01-01,2025-12-31,0.9351923055517415,0.979598939070434,0.2038313489727743,0.24717640475529087,0.27703412137295963,0.32079611467972785,0.30009927409300424,0.46057558240457175,0.2764596989206467,0.992960500586625,0.49955011067463806,110
NRMD,2019-01-01,2025-12-31,0.9414430708974842,0.8814374810483643,0.3825746889124958,0.43656416260797765,0.36346369381242893,0.22178935549533876,0.2994763284822189,0.39184109038406534,0.6642779270580716,0.40633554947203754,0.4991126666172599,111
BRAZ,2019-01-01,2025-12-31,0.8487573518458259,0.6617260213589331,0.40574581120473396,0.3951896001757739,0.3452561590548332,0.27825349769612284,0.2916010435076973,0.33796093942409994,0.4303804400783947,0.9878764176769652,0.49858737394978203,112
FAA1,2019-01-01,2025-12-31,0.8783635991426904,0.8711714579028347,0.2906665572512539,0.3228111565288784,0.3234446618088914,0.23792345232884152,0.2710918685959819,0.42386123577810525,0.35744109392652257,0.9855299178725069,0.49711825093031664,113
PNGM,2019-01-01,2025-12-31,0.8648759614099776,0.8517859585560433,0.4593745975380275,0.4758396707931186,0.4306213447099615,0.2353206930327104,0.26967661170503565,0.3654059964159266,0.3391355344326975,0.670707860774345,0.49685345753303,114
CAS1,2019-01-01,2025-12-31,0.4530238642125473,0.9016668592133417,0.3980416913514025,0.3267953794782859,0.210874120770752,0.36475940888975994,0.3497379731330003,0.19075631414892283,0.7906702034686472,0.9624560031286664,0.4960261279774606,115
MEDI,2019-01-01,2025-12-31,0.9441474778323063,0.9427657454855765,0.13393714295081077,0.2032479853736383,0.23091717275300977,0.41504877711500976,0.41231761943423756,0.5043681807177868,0.16775146736434632,0.9886585842784513,0.4959990542852096,116
KOUC,2019-01-01,2025-12-31,0.8941151235620594,0.8738097138951635,0.4413204622198981,0.4377759253841174,0.39210168912632215,0.22637156275460665,0.31928471765032046,0.4807736318315581,0.26581179917669606,0.6077434493547126,0.49490539696039965,117
ZIM2,2019-01-01,2025-12-31,0.9241962832142027,0.9319683932878537,0.31500491398416336,0.35339965806930623,0.3297091695883732,0.20877211423206105,0.21559278906752147,0.40588605586819926,0.2668981614106558,0.9777082518576456,0.49480160468588236,118
BOR1,2019-01-01,2025-12-31,0.9166572601893104,0.9023666826323768,0.34383212788797607,0.3991995633079178,0.3678000235014741,0.19022139784606035,0.19678063960500256,0.4272950622823005,0.17858377371874423,0.9996089166992569,0.49434531826830186,119
POLV,2019-01-01,2025-12-31,0.9463028797998022,0.9738328774346559,0.19193972254532368,0.24505618104162727,0.27247015921572487,0.40042770190122046,0.35327706809397885,0.4368741928596911,0.11791867896801544,0.9777082518576456,0.49406174833979716,120
SEYG,2019-01-01,2025-12-31,0.8798370449718179,0.8337595259842991,0.308861796000704,0.3165684505693524,0.3230033805212609,0.2395563753394458,0.24978507621231175,0.3736281097211009,0.42513126602501705,0.9722330856472429,0.49399425021600235,121
NLIB,2019-01-01,2025-12-31,0.8982764010438269,0.8377609153472119,0.2842027707097967,0.3107112519989999,0.28550328819140686,0.4296615122208067,0.38089607023786975,0.45836786751092107,0.029351938915751385,1.0,0.49371727603738647,122
HOFN,2019-01-01,2025-12-31,0.8343183169818954,0.983111165187664,0.24425635010800625,0.1501092157956276,0.14137654292213364,0.43002170250174565,0.2647094615846026,0.492250964736545,0.3807564371838674,0.986312084473993,0.4933196154396079,123
FALK,2019-01-01,2025-12-31,0.9358835058560463,0.8185072329541052,0.28899505382034874,0.25920262298040747,0.19986932176277045,0.4077288120145121,0.36525885494609833,0.3249022251303128,0.3169175220422341,0.993351583887368,0.49326460046537074,124
QAQ1,2019-01-01,2025-12-31,0.8027169610110457,0.8357843750484554,0.20822639631683534,0.19174948845727266,0.18738380199126384,0.3472890990827363,0.3755459566777683,0.4983502420826924,0.670378174838508,0.7911615174032068,0.4927083875611008,125
MAJU,2019-01-01,2025-12-31,0.9028742459806968,0.8211229313423601,0.19025888055007403,0.34759539165282227,0.4008441887164549,0.2987970953336834,0.3507239062241296,0.39272934142737687,0.4949172085995559,0.7098161908486508,0.49250344467842105,126
MAW1,2019-01-01,2025-12-31,0.5922378594706332,0.8008091433520937,0.2274836808199254,0.21035302293804325,0.21677788465479647,0.32969280671677687,0.3338534740332234,0.448140794396924,0.7464698900794284,0.980054751662104,0.4910470500661537,127
IISC,2019-01-01,2025-12-31,0.8776718183415174,0.7983999997565209,0.30812034615625605,0.31361039187439654,0.25241326724061036,0.43993955787945377,0.3578752386383262,0.42671119374808963,0.08842891573234002,0.9894407508799374,0.48883762750977056,128
SALU,2019-01-01,2025-12-31,0.789757440300955,0.8637273210801039,0.4609798097024637,0.4168472773857154,0.33943617031639645,0.2877487802762404,0.326600466088514,0.374610987501044,0.07640396878436484,0.9084865076261244,0.48780483456758555,129
NAUR,2019-01-01,2025-12-31,0.8680010880765145,0.842560753424165,0.2576862778440742,0.34181657653583514,0.3465840986601983,0.29526921192015104,0.2903758216655187,0.4554053714822172,0.5491517080777407,0.6046147829487681,0.4874522828327086,130
OHI3,2019-01-01,2025-12-31,0.9340068606608596,0.9867818990944515,0.3261470778574922,0.2060647012080969,0.201861874222523,0.43065348077155835,0.3003092691393304,0.4986478058493539,0.2776764280448174,0.6671881110676574,0.4868747592871172,131
PTVL,2019-01-01,2025-12-31,0.8866809663916977,0.8513888252011492,0.361489365296752,0.36405480307104443,0.33128535885484184,0.314564811753948,0.3231680490806898,0.38257505209031534,0.34227195721027615,0.6511536957371921,0.48385473195498374,132
PERT,2019-01-01,2025-12-31,0.8558911689115788,0.8982031492533967,0.4200333142577205,0.37026209332598686,0.29168605750038124,0.23470296472048222,0.20937846690767362,0.27681675935676275,0.2405423317312506,0.9734063355494721,0.4828740442721687,133
MAL2,2019-01-01,2025-12-31,0.8851049748885919,0.8644308887471552,0.27326297874657024,0.318474103901097,0.3156846493915144,0.29876934116889503,0.29949802093711225,0.47850399461270604,0.05869858122132077,0.9710598357450136,0.48257414963587936,134
TRO1,2019-01-01,2025-12-31,0.721816510627484,0.9023976907205397,0.3322949285223935,0.3912082267547847,0.3622293806626698,0.12240229639058914,0.11462747692741414,0.5154076389342331,0.31328381430246854,0.9898318341806804,0.482405814400063,135
POHN,2019-01-01,2025-12-31,0.8551431827954098,0.8267346169852483,0.2847419525296086,0.3583976033027144,0.3858329657825804,0.3417318837601394,0.3694551405012047,0.43746144009790705,0.20024789694962264,0.7242862729761439,0.4819700952695343,136
DLF1,2019-01-01,2025-12-31,0.954524752577093,0.9225086628268485,0.3115026332413784,0.3544235749384096,0.30081151508459103,0.11449775321491243,0.14411262385316417,0.46371788670937536,0.17518577220481568,0.9968713335940556,0.48184528027475243,137
SYOG,2019-01-01,2025-12-31,0.7504714611680137,0.9082444997160756,0.21682844257722517,0.239771050196964,0.18183591257503537,0.3774927893611006,0.3263945046852122,0.5427125241151509,0.2643714309103189,0.8947985921001174,0.47700671484388046,138
NOT1,2019-01-01,2025-12-31,0.9315777928580738,0.957180305694933,0.22819819725617096,0.2220932230859958,0.25509079332005996,0.35615760946487485,0.26035129938253615,0.4589261766262615,0.17949402777155632,0.8330074305827141,0.47657051701243913,139
PTAG,2019-01-01,2025-12-31,0.8698386529406781,0.9622774035038512,0.23904241850273203,0.3854745376835722,0.43227012022918737,0.21233885132854607,0.2841985570281778,0.4192164518853773,0.19441337718914564,0.6648416112631991,0.4736096456354234,140
SOFI,2019-01-01,2025-12-31,0.9003421737736739,0.9837122549548538,0.21890268003604663,0.2582406447972007,0.2794045715422195,0.3533736202543567,0.28837561909484666,0.4703968092137298,0.265334727701398,0.624168947985921,0.47212107119000474,141
ADIS,2019-01-01,2025-12-31,0.8471400409533388,0.9758389170198019,0.2387410268098453,0.3383517262793277,0.39166946965170635,0.26174591100980266,0.2775058389660495,0.37607466907511183,0.3641424319938219,0.5185764567852953,0.46670150080236555,142
AUCK,2019-01-01,2025-12-31,0.9611162991114663,0.9099251371166979,0.3155345331122956,0.23380797800655048,0.16578618899550726,0.33963055306787326,0.30588986006203395,0.3900667586845413,0.217612030013841,0.5713727023856081,0.4544017051457669,143
CHTI,2019-01-01,2025-12-31,0.9482893520879019,0.9130187748403918,0.2819831017126353,0.24522114385365926,0.17480227104451987,0.32358272519186315,0.31129369197541457,0.40249950254452244,0.2142927096912336,0.5717637856863512,0.452440323552978,144
BAKO,2019-01-01,2025-12-31,0.8708860944630811,0.32527696398655553,0.23437936191593786,0.2555329685599977,0.31888769683836166,0.3404797310684433,0.31389708023522667,0.45981057031528466,0.23893847863424722,0.8697692608525616,0.4366867842563429,145
SCTB,2019-01-01,2025-12-31,0.22350329914474237,0.9071244550531695,0.25407150182741356,0.2362373782942211,0.22266542847412005,0.2966732955774659,0.2885467854157422,0.4439484337344742,0.23563593350328582,0.4618693781775518,0.37824372545660895,146
